huc6,total_cropland_acres_2022,corn_acres_2022,corn_pct_cropland_2022,soybean_acres_2022,soybean_pct_cropland_2022
010100,169573.0,2818.0,1.66,758.0,0.45
010200,46022.0,4789.0,10.41,,
010300,85793.0,12960.0,15.11,,
010400,32331.0,2348.0,7.26,,
010500,71822.0,376.0,0.52,,
010600,55858.0,4410.0,7.9,,
010700,67881.0,4890.0,7.2,681.0,1.0
010801,127712.0,,,,
010802,109016.0,,,,
010900,,,,,
011000,,,,,
020200,670314.0,142004.0,21.18,27106.0,4.04
020301,83596.0,9628.0,11.52,,
020302,25284.0,1584.0,6.26,,
020401,352799.0,73623.0,20.87,58535.0,16.59
020402,718839.0,211734.0,29.45,215965.0,30.04
020403,155475.0,49342.0,31.74,52843.0,33.99
020501,1124264.0,234865.0,20.89,54749.0,4.87
020502,357469.0,96926.0,27.11,63176.0,17.67
020503,1543824.0,568770.0,36.84,285652.0,18.5
020600,731088.0,257089.0,35.17,309317.0,42.31
020700,1404320.0,321227.0,22.87,243018.0,17.31
020801,997574.0,296536.0,29.73,399811.0,40.08
020802,482423.0,60448.0,12.53,77857.0,16.14
030101,778019.0,56583.0,7.27,169844.0,21.83
030102,1051816.0,192243.0,18.28,452700.0,43.04
030201,713485.0,121349.0,17.01,263662.0,36.95
030202,852196.0,144781.0,16.99,360697.0,42.33
030203,46541.0,7017.0,15.08,17167.0,36.89
030300,808483.0,146382.0,18.11,237849.0,29.42
030401,682401.0,146621.0,21.49,214033.0,31.36
030402,1252914.0,299224.0,23.88,442758.0,35.34
030501,662462.0,84742.0,12.79,89218.0,13.47
030502,479362.0,87444.0,18.24,56049.0,11.69
030601,528660.0,46987.0,8.89,31912.0,6.04
030602,,,,,
030701,,,,,
030702,354514.0,31849.0,8.98,7499.0,2.12
030801,265307.0,3405.0,1.28,,
030802,48393.0,,,,
030901,202601.0,,,,
030902,973473.0,15685.0,1.61,2173.0,0.22
031001,264861.0,1580.0,0.6,674.0,0.25
031002,251380.0,2802.0,1.11,239.0,0.1
031101,117942.0,8929.0,7.57,3584.0,3.04
031102,1045290.0,95001.0,9.09,28105.0,2.69
031200,256842.0,14611.0,5.69,2912.0,1.13
031300,1783834.0,199808.0,11.2,57813.0,3.24
031401,203181.0,11850.0,5.83,17385.0,8.56
031402,371745.0,22481.0,6.05,9452.0,2.54
031403,180256.0,12506.0,6.94,3515.0,1.95
031501,621914.0,57993.0,9.32,46365.0,7.46
031502,354385.0,27246.0,7.69,30195.0,8.52
031601,925839.0,118658.0,12.82,223634.0,24.15
031602,152610.0,7442.0,4.88,13167.0,8.63
031700,275790.0,,,,
031800,307464.0,,,,
040101,3927.0,,,,
040102,,,,,
040103,,,,,
040201,29736.0,,,162.0,0.54
040202,11483.0,260.0,2.26,396.0,3.45
040301,,,,,
040302,1277096.0,529327.0,41.45,275898.0,21.6
040400,,,,,
040500,3428012.0,1409423.0,41.11,1144778.0,33.39
040601,,,,,
040700,,,,,
040801,942017.0,252684.0,26.82,218856.0,23.23
040802,1431668.0,439445.0,30.69,540696.0,37.77
040900,,,,,
041000,,,,,
041100,268068.0,62703.0,23.39,106979.0,39.91
041201,,,,,
041300,700990.0,245923.0,35.08,91944.0,13.12
041401,149606.0,36037.0,24.09,17262.0,11.54
041402,852552.0,271888.0,31.89,137702.0,16.15
041403,,,,,
041600,,,,,
041700,,,,,
041800,,,,,
041900,,,,,
042000,,,,,
042100,,,,,
042200,,,,,
042300,,,,,
042400,,,,,
042500,,,,,
042600,,,,,
042701,,,,,
042702,,,,,
042800,,,,,
042900,,,,,
043001,,,,,
043002,,,,,
043100,,,,,
043200,,,,,
043300,,,,,
050100,788355.0,188674.0,23.93,87273.0,11.07
050200,450637.0,48886.0,10.85,22249.0,4.94
050301,698735.0,163767.0,23.44,152337.0,21.8
050302,411028.0,55427.0,13.48,59977.0,14.59
050400,1416861.0,437354.0,30.87,389673.0,27.5
050500,484855.0,27110.0,5.59,,
050600,1955024.0,664611.0,34.0,975160.0,49.88
050701,12954.0,219.0,1.69,,
050702,32893.0,487.0,1.48,,
050800,1894840.0,779066.0,41.12,872957.0,46.07
050901,154780.0,16464.0,10.64,20144.0,13.01
050902,1019092.0,258635.0,25.38,493641.0,48.44
051001,503566.0,31085.0,6.17,49172.0,9.76
051002,601280.0,42436.0,7.06,55725.0,9.27
051100,2113844.0,540417.0,25.57,690996.0,32.69
051201,9285494.0,4104264.0,44.2,4370017.0,47.06
051202,3455910.0,1453301.0,42.05,1621428.0,46.92
051301,754166.0,66989.0,8.88,97710.0,12.96
051302,1281899.0,336212.0,26.23,393430.0,30.69
051401,987810.0,,,,
051402,1782154.0,,,,
060101,535710.0,33857.0,6.32,14153.0,2.64
060102,370928.0,,,,
060200,253933.0,,,,
060300,1346282.0,,,,
060400,905045.0,,,,
070101,778139.0,179551.0,23.07,121633.0,15.63
070102,2292489.0,958173.0,41.8,702733.0,30.65
070200,8065678.0,3786519.0,46.95,3206110.0,39.75
070300,642738.0,220652.0,34.33,162647.0,25.31
070400,3353110.0,1585996.0,47.3,968572.0,28.89
070500,1174499.0,467622.0,39.81,291234.0,24.8
070600,3283454.0,1705925.0,51.96,790368.0,24.07
070700,1778866.0,631116.0,35.48,318208.0,17.89
070801,4690844.0,2428349.0,51.77,1723859.0,36.75
070802,6249680.0,3260783.0,52.18,2353649.0,37.66
070900,4161701.0,2178188.0,52.34,1264326.0,30.38
071000,6470148.0,3118409.0,48.2,2495794.0,38.57
071100,3079440.0,954623.0,31.0,1372075.0,44.56
071200,,,,,
071300,8146768.0,,,,
071401,2042285.0,,,,
071402,2534282.0,,,,
080101,114134.0,14005.0,12.27,66856.0,58.58
080102,2762345.0,607681.0,22.0,1356345.0,49.1
080103,,,,,
080201,38630.0,,,23642.0,61.2
080202,,,,,
080203,1845445.0,208101.0,11.28,931469.0,50.47
080204,621295.0,94333.0,15.18,268863.0,43.27
080301,,6157.0,,34383.0,
080302,3452124.0,422257.0,12.23,2013660.0,58.33
080401,148871.0,470.0,0.32,,
080402,567484.0,67826.0,11.95,198829.0,35.04
080403,409756.0,52315.0,12.77,241651.0,58.97
080500,1744648.0,368196.0,21.1,837826.0,48.02
080601,76398.0,3396.0,4.45,47824.0,62.6
080602,360838.0,57477.0,15.93,58765.0,16.29
080701,5485.0,,,,
080702,172247.0,3932.0,2.28,16603.0,9.64
080703,206437.0,1865.0,0.9,55076.0,26.68
080801,776084.0,29858.0,3.85,202716.0,26.12
080802,812280.0,,,,
080901,,,,,
080902,26860.0,,,,
080903,148005.0,,,,
090100,3571294.0,,,617152.0,17.28
090201,5126248.0,1445306.0,28.19,1919251.0,37.44
090202,4931853.0,553090.0,11.21,1559069.0,31.61
090203,6124247.0,346592.0,5.66,1545298.0,25.23
090300,164528.0,,,,
090400,1600.0,,,,
100200,506488.0,3701.0,0.73,615.0,0.12
100301,1181946.0,4527.0,0.38,,
100302,3257344.0,4168.0,0.13,,
100401,1419638.0,5251.0,0.37,,
100402,575571.0,4692.0,0.82,,
100500,3075115.0,10183.0,0.33,,
100600,3014980.0,13522.0,0.45,13131.0,0.44
100700,854821.0,19208.0,2.25,183.0,0.02
100800,586668.0,33405.0,5.69,327.0,0.06
100901,158400.0,4427.0,2.79,,
100902,346518.0,,,,
101000,1296291.0,33173.0,2.56,9273.0,0.72
101101,2501655.0,,,239098.0,9.56
101102,968262.0,26676.0,2.76,4814.0,0.5
101201,925715.0,33480.0,3.62,3710.0,0.4
101202,429080.0,6688.0,1.56,,
101301,4408081.0,852408.0,19.34,926592.0,21.02
101302,3236083.0,267442.0,8.26,108137.0,3.34
101303,1534448.0,144611.0,9.42,16950.0,1.1
101401,2766686.0,551692.0,19.94,443569.0,16.03
101402,1050086.0,109345.0,10.41,64253.0,6.12
101500,,,,,
101600,9110119.0,2688625.0,29.51,3391982.0,37.23
101701,,,,,
101702,3422731.0,1541493.0,45.04,1267459.0,37.03
101800,1986188.0,343404.0,17.29,26891.0,1.35
101900,4291358.0,593969.0,13.84,35619.0,0.83
102001,1554215.0,910430.0,58.58,361329.0,23.25
102002,1439644.0,679040.0,47.17,589211.0,40.93
102100,2083204.0,843950.0,40.51,455472.0,21.86
102200,3012343.0,1380921.0,45.84,1057235.0,35.1
102300,4461719.0,2264660.0,50.76,1798623.0,40.31
102400,5792151.0,2502373.0,43.2,2464376.0,42.55
102500,8677115.0,2420223.0,27.89,741649.0,8.55
102600,6520302.0,1037911.0,15.92,710202.0,10.89
102701,1174259.0,325644.0,27.73,418156.0,35.61
102702,4412497.0,2216530.0,50.23,1661687.0,37.66
102801,2528652.0,518194.0,20.49,983965.0,38.91
102802,929187.0,197373.0,21.24,371996.0,40.03
102901,2956386.0,458363.0,15.5,1032155.0,34.91
102902,320715.0,13860.0,4.32,13477.0,4.2
103001,2304930.0,636241.0,27.6,906156.0,39.31
103002,272105.0,64519.0,23.71,114222.0,41.98
110100,1754666.0,78518.0,4.47,371459.0,21.17
110200,1946608.0,73715.0,3.79,1016.0,0.05
110300,9854683.0,1271832.0,12.91,1039671.0,10.55
110400,3623318.0,571358.0,15.77,56679.0,1.56
110500,1407078.0,16284.0,1.16,33701.0,2.4
110600,2584577.0,83202.0,3.22,287099.0,11.11
110701,994632.0,125807.0,12.65,294919.0,29.65
110702,2825910.0,477672.0,16.9,922441.0,32.64
110800,129126.0,,,,
110901,993475.0,220229.0,22.17,3577.0,0.36
110902,758473.0,4845.0,0.64,10097.0,1.33
111001,2180084.0,319885.0,14.67,7665.0,0.35
111002,742986.0,33304.0,4.48,1680.0,0.23
111003,803102.0,7267.0,0.9,10669.0,1.33
111101,678900.0,16901.0,2.49,48335.0,7.12
111102,661535.0,33402.0,5.05,126168.0,19.07
111201,2230801.0,118966.0,5.33,,
111202,340778.0,,,,
111203,1284931.0,49141.0,3.82,2754.0,0.21
111301,884368.0,9882.0,1.12,,
111302,1422256.0,10648.0,0.75,3703.0,0.26
111303,1130188.0,17566.0,1.55,17447.0,1.54
111401,977127.0,42458.0,4.35,29487.0,3.02
111402,386027.0,46892.0,12.15,59403.0,15.39
111403,684643.0,46368.0,6.77,38581.0,5.64
120100,446451.0,5202.0,1.17,4528.0,1.01
120200,328256.0,157.0,0.05,,
120301,1441894.0,136821.0,9.49,7146.0,0.5
120302,297327.0,3785.0,1.27,,
120401,187920.0,6423.0,3.42,282.0,0.15
120402,376142.0,11612.0,3.09,6491.0,1.73
120500,4584963.0,182777.0,3.99,898.0,0.02
120601,1525764.0,9471.0,0.62,,
120602,891891.0,144274.0,16.18,,
120701,840581.0,101450.0,12.07,6320.0,0.75
120702,943305.0,185355.0,19.65,1981.0,0.21
120800,3095103.0,44710.0,1.44,,
120901,1310256.0,15013.0,1.15,150.0,0.01
120902,244842.0,2352.0,0.96,,
120903,317896.0,63558.0,19.99,2129.0,0.67
120904,255498.0,37761.0,14.78,5268.0,2.06
121001,314821.0,65303.0,20.74,1160.0,0.37
121002,321522.0,46989.0,14.61,1669.0,0.52
121003,309023.0,22527.0,7.29,380.0,0.12
121004,608353.0,124550.0,20.47,1465.0,0.24
121101,705960.0,40864.0,5.79,,
121102,1353393.0,147728.0,10.92,3054.0,0.23
130100,409710.0,685.0,0.17,,
130201,70522.0,,,,
130202,169783.0,4146.0,2.44,,
130301,95263.0,4529.0,4.75,,
130302,50089.0,6765.0,13.51,,
130401,75325.0,,,,
130402,48563.0,,,,
130403,6652.0,,,,
130500,116036.0,5603.0,4.83,,
130600,318849.0,29233.0,9.17,,
130700,217807.0,420.0,0.19,,
130800,42005.0,,,,
130900,47019.0,3752.0,7.98,,
131000,,,,,
131100,,,,,
131200,,,,,
140100,183388.0,3138.0,1.71,,
140200,181951.0,11028.0,6.06,,
140300,73767.0,308.0,0.42,,
140401,247470.0,,,,
140402,1160.0,,,,
140500,303032.0,610.0,0.2,,
140600,216655.0,13138.0,6.06,,
140700,33691.0,,,,
140801,320511.0,,,,
140802,225943.0,,,,
150100,,1218.0,,,
150200,88555.0,128.0,0.14,,
150301,352212.0,1241.0,0.35,,
150302,287.0,,,,
150400,70162.0,5233.0,7.46,,
150501,179406.0,13352.0,7.44,,
150502,97870.0,33215.0,33.94,,
150503,175947.0,17134.0,9.74,,
150601,,1156.0,,,
150602,8549.0,,,,
150701,181752.0,12514.0,6.89,,
150702,76310.0,1785.0,2.34,,
150801,,,,,
150802,,,,,
150803,38670.0,,,,
160101,100636.0,,,,
160102,642516.0,27144.0,4.22,,
160201,95146.0,2554.0,2.68,,
160202,172562.0,12877.0,7.46,,
160203,183499.0,2833.0,1.54,,
160300,348184.0,21780.0,6.26,,
160401,283341.0,2028.0,0.72,,
160402,73379.0,,,,
160501,,,,,
160502,,4501.0,,,
160503,68938.0,,,,
160600,105003.0,,,,
170101,56225.0,,,,
170102,454418.0,3392.0,0.75,,
170103,593693.0,,,,
170200,3256086.0,87677.0,2.69,,
170300,582160.0,67961.0,11.67,,
170401,99415.0,,,,
170402,3380365.0,258291.0,7.64,114.0,0.0
170501,927218.0,132323.0,14.27,175.0,0.02
170502,170505.0,3710.0,2.18,,
170601,1867794.0,4429.0,0.24,,
170602,95013.0,,,,
170603,601013.0,,,,
170701,2564284.0,58488.0,2.28,,
170702,389562.0,,,,
170703,323218.0,,,,
170800,91493.0,727.0,0.79,,
170900,1056972.0,15058.0,1.42,,
171001,51126.0,1182.0,2.31,,
171002,28259.0,2360.0,8.35,,
171003,123182.0,846.0,0.69,,
171100,268157.0,30027.0,11.2,,
171200,281477.0,,,,
180101,163380.0,794.0,0.49,,
180102,333751.0,,,,
180200,165638.0,,,,
180201,1685465.0,27154.0,1.61,,
180300,3099231.0,224644.0,7.25,,
180400,2273485.0,244687.0,10.76,,
180500,211270.0,3134.0,1.48,,
180600,835818.0,672.0,0.08,,
180701,187712.0,,,,
180702,52836.0,1854.0,3.51,,
180703,71297.0,,,,
180800,86911.0,,,,
180901,21925.0,,,,
180902,109099.0,7302.0,6.69,,
181001,19136.0,,,,
181002,741518.0,7129.0,0.96,,
190101,12.0,,,,
190102,17.0,,,,
190103,54.0,,,,
190104,,,,,
190105,,,,,
190201,2800.0,,,,
190202,,,,,
190203,2926.0,,,,
190204,9498.0,,,,
190205,3716.0,,,,
190206,20.0,,,,
190207,,,,,
190208,,,,,
190301,,,,,
190302,4.0,,,,
190303,377.0,,,,
190304,,,,,
190305,4.0,,,,
190501,,,,,
190502,,,,,
190503,,,,,
190504,,,,,
190505,,,,,
190601,,,,,
190602,,,,,
190603,,,,,
190604,,,,,
190605,,,,,
190701,,,,,
190702,,,,,
190703,,,,,
190704,,,,,
190705,,,,,
190801,,,,,
190802,,,,,
190803,49409.0,,,,
190804,,,,,
190901,,,,,
190902,,,,,
190903,,,,,
200100,53076.0,,,,
200200,50845.0,,,,
200300,116.0,,,,
200400,,,,,
200500,10284.0,,,,
200600,22756.0,,,,
200700,20504.0,,,,
200800,,,,,
200900,,,,,
210100,,,,,
210200,,,,,
220100,,,,,
220201,,,,,
220202,,,,,
220300,,,,,
220400,,,,,
